{
  "openapi": "3.0.1",
  "info": {
    "title": "Book store API",
    "description": "It includes APIs for retriving Books for given userId.",
    "contact": {
      "name": "API Support",
      "url": "http://bookstore.com/support",
      "email": "youremail.yourcompany@bt.com"
    },
    "version": "v1"
  },
  "paths": {
    "/books/v1/users/{userId}/bookshelves": {
      "get": {
        "tags": [
          "Book shelves"
        ],
        "summary": "Retrives all book shelves for given user",
        "description": "Retrives all book shelves for given user",
        "parameters": [
          {
            "name": "userId",
            "description": "user Id",
            "in": "path",
            "required": true,
            "schema": {
              "type": "string",
              "nullable": true
            }
          }
        ],
        "responses": {
          "200": {
            "description": "Returns all bookshevels",
            "content": {
              "application/json": {
                "schema": {
                  "type": "array",
                  "items": {
                    "$ref": "#/components/schemas/bookshelves"
                  }
                }
              },
              "application/xml": {
                "schema": {
                  "type": "array",
                  "items": {
                    "$ref": "#/components/schemas/bookshelves"
                  }
                }
              }
            }
          },
          "400": {
            "description": "Bad Request",
            "content": {
              "application/json": {
                "schema": {
                  "type": "array",
                  "items": {
                    "$ref": "#/components/schemas/Error"
                  }
                }
              }
            }
          },
          "500": {
            "description": "Internal server error",
            "content": {
              "application/json": {
                "schema": {
                  "type": "array",
                  "items": {
                    "$ref": "#/components/schemas/Error"
                  }
                }
              }
            }
          }
        }
      }
    }
  },
  "components": {
    "schemas": {
      "bookshelves": {
        "type": "object",
        "properties": {
          "Id": {
            "type": "integer",
            "description": "shelf id"
          },
          "Name": {
            "type": "string",
            "description": "shelf name"
          }
        }
      },
      "Error": {
        "type": "object",
        "properties": {
          "code": {
            "type": "string",
            "description": "error code"
          },
          "message": {
            "type": "string",
            "description": "error message"
          }
        }
      }
    }
  }
}